id,olng,olat,dlng,dlat,Ts,OnD,Tr,Cep,Tp,Td,WT,VT,D
0,-73.98590087890625,40.76803970336913,-73.9839859008789,40.73009872436523,576.1,0,0,-1.0,-1.0,-1,-1,0.0
1,-73.97929382324219,40.75576400756836,-73.98801422119139,40.75846862792969,144,0,0,-1.0,-1.0,-1,-1,0.0
2,-73.9915771484375,40.7447509765625,-73.97570037841797,40.7654685974121,299.7,0,0,-1.0,-1.0,-1,-1,0.0
3,-73.99307250976562,40.74157333374024,-73.98099517822266,40.74463272094727,239.6,0,0,-1.0,-1.0,-1,-1,0.0
4,-74.0016098022461,40.740989685058594,-73.9810791015625,40.730674743652344,286.9,0,0,-1.0,-1.0,-1,-1,0.0
5,-74.01385498046875,40.71411895751953,-73.99404907226562,40.761451721191406,673.7,0,0,-1.0,-1.0,-1,-1,0.0
6,-73.9815444946289,40.780738830566406,-73.93780517578125,40.85534286499024,588.3,0,0,-1.0,-1.0,-1,-1,0.0
7,-73.98719787597656,40.75050735473633,-73.98079681396483,40.767826080322266,228.6,0,0,-1.0,-1.0,-1,-1,0.0
8,-74.00527954101562,40.74019241333008,-73.99749755859375,40.73756408691406,120.8,0,0,-1.0,-1.0,-1,-1,0.0
9,-73.95130157470702,40.77434539794922,-74.00231170654298,40.73968505859375,671.9,1,1,-1.0,-1.0,-1,-1,0.0
10,-73.9834976196289,40.72608184814453,-74.01412963867188,40.71282958984375,544.3,1,1,-1.0,-1.0,-1,-1,0.0
11,-73.99547576904298,40.764793395996094,-73.99272155761719,40.74137878417969,414.6,1,1,-1.0,-1.0,-1,-1,0.0
12,-73.9739532470703,40.74777603149415,-73.99325561523438,40.73587417602539,349.8,1,1,-1.0,-1.0,-1,-1,0.0
13,-74.00025177001955,40.73043823242188,-73.99134826660156,40.74993896484375,378.7,2,2,-1.0,-1.0,-1,-1,0.0
14,-73.99317932128906,40.72261428833008,-73.95890808105469,40.7701301574707,680.3,2,2,-1.0,-1.0,-1,-1,0.0
15,-74.00276947021484,40.72861862182617,-73.98416137695312,40.7374382019043,340.6,2,2,-1.0,-1.0,-1,-1,0.0
16,-73.97623443603516,40.788822174072266,-73.993408203125,40.75217819213867,442.7,2,2,-1.0,-1.0,-1,-1,0.0
17,-73.99969482421875,40.743568420410156,-73.97077178955078,40.79853439331055,595.6,3,3,-1.0,-1.0,-1,-1,0.0
18,-73.96331024169923,40.76893615722656,-74.00243377685547,40.71880722045898,779.3,3,3,-1.0,-1.0,-1,-1,0.0
19,-73.98542022705078,40.731781005859375,-73.97225952148438,40.765491485595696,523.4,3,3,-1.0,-1.0,-1,-1,0.0
20,-73.98978424072266,40.7622184753418,-73.97931671142578,40.7620964050293,145.7,3,3,-1.0,-1.0,-1,-1,0.0
21,-73.97966003417969,40.73733139038085,-73.97160339355469,40.76034164428711,342.7,3,3,-1.0,-1.0,-1,-1,0.0
22,-74.00431823730467,40.73332595825195,-74.01074981689453,40.7177963256836,295.2,3,3,-1.0,-1.0,-1,-1,0.0
23,-73.98443603515625,40.74358367919922,-73.99657440185547,40.74760818481445,211.7,4,4,-1.0,-1.0,-1,-1,0.0
24,-73.98785400390625,40.74904251098633,-73.99220275878906,40.725452423095696,420.7,4,4,-1.0,-1.0,-1,-1,0.0
25,-73.97968292236328,40.776126861572266,-73.9530258178711,40.77983856201172,344.6,4,4,-1.0,-1.0,-1,-1,0.0
26,-73.94084167480467,40.83932876586913,-73.93297576904298,40.85030364990234,124.2,4,4,-1.0,-1.0,-1,-1,0.0
27,-73.99754333496094,40.73164749145508,-73.9788818359375,40.745323181152344,445.6,5,5,-1.0,-1.0,-1,-1,0.0
28,-73.98967742919923,40.75223922729492,-73.9965286254883,40.76503372192383,269.5,5,5,-1.0,-1.0,-1,-1,0.0
29,-73.97076416015625,40.793792724609375,-73.9778060913086,40.77620315551758,247.7,5,5,-1.0,-1.0,-1,-1,0.0
30,-74.00675964355469,40.716453552246094,-73.98973083496094,40.74679565429688,510.3,5,5,-1.0,-1.0,-1,-1,0.0
31,-73.99661254882812,40.72118377685547,-73.96482849121094,40.76084518432617,639.5,6,6,-1.0,-1.0,-1,-1,0.0
32,-73.98930358886719,40.757591247558594,-73.98770904541014,40.7210693359375,641.6,6,6,-1.0,-1.0,-1,-1,0.0
33,-73.97591400146483,40.74468231201172,-74.00294494628906,40.71821594238281,546.8,6,6,-1.0,-1.0,-1,-1,0.0
34,-73.94631195068358,40.78132247924805,-73.938720703125,40.78818893432617,253.9,6,6,-1.0,-1.0,-1,-1,0.0
35,-73.98489379882812,40.75897979736328,-74.00080108642578,40.7308006286621,508.8,6,6,-1.0,-1.0,-1,-1,0.0
36,-73.984619140625,40.74443435668945,-73.97996520996094,40.76564407348633,333,7,7,-1.0,-1.0,-1,-1,0.0
37,-73.95402526855469,40.77476501464844,-73.99899291992188,40.729148864746094,677.2,7,7,-1.0,-1.0,-1,-1,0.0
38,-74.00039672851562,40.73057556152344,-74.01473236083984,40.708255767822266,510.6,7,7,-1.0,-1.0,-1,-1,0.0
39,-73.97930145263672,40.76687240600585,-73.9609832763672,40.76169967651367,181.9,7,7,-1.0,-1.0,-1,-1,0.0
40,-73.98368835449219,40.75551986694336,-73.94071960449219,40.814056396484375,643.8,7,7,-1.0,-1.0,-1,-1,0.0
41,-73.99815368652342,40.74118423461913,-73.97569274902342,40.76557159423828,425.5,8,8,-1.0,-1.0,-1,-1,0.0
42,-73.98745727539062,40.766128540039055,-73.98310089111328,40.77648162841797,137.4,8,8,-1.0,-1.0,-1,-1,0.0
43,-73.9983139038086,40.745506286621094,-73.98994445800781,40.75670623779297,185.6,8,8,-1.0,-1.0,-1,-1,0.0
44,-73.98748779296875,40.72004699707031,-73.95494079589844,40.76909255981445,574.4,8,8,-1.0,-1.0,-1,-1,0.0
45,-74.00820922851562,40.70682907104492,-73.95939636230467,40.80121994018555,972.7,8,8,-1.0,-1.0,-1,-1,0.0
46,-73.98400115966798,40.759071350097656,-73.97457122802734,40.75703048706055,171.7,8,8,-1.0,-1.0,-1,-1,0.0
47,-74.0037612915039,40.70588302612305,-73.99234008789062,40.74853515625,750.9,9,9,-1.0,-1.0,-1,-1,0.0
48,-73.97471618652342,40.75899124145508,-73.97218322753906,40.74985885620117,165.1,9,9,-1.0,-1.0,-1,-1,0.0
49,-73.98592376708984,40.74661254882813,-73.9896926879883,40.7232666015625,507.4,9,9,-1.0,-1.0,-1,-1,0.0
50,-73.99154663085938,40.72978973388672,-74.00115966796875,40.7464714050293,356.5,9,9,-1.0,-1.0,-1,-1,0.0
51,-73.97483825683594,40.78278732299805,-73.99895477294923,40.739505767822266,604.5,10,10,-1.0,-1.0,-1,-1,0.0
52,-73.99540710449219,40.73347854614258,-73.98284912109375,40.73321914672852,230.6,10,10,-1.0,-1.0,-1,-1,0.0
53,-73.98560333251955,40.74699020385742,-73.95689392089844,40.770820617675774,465.4,10,10,-1.0,-1.0,-1,-1,0.0
54,-74.00932312011719,40.70466232299805,-74.0159683227539,40.71512985229492,250,11,11,-1.0,-1.0,-1,-1,0.0
55,-73.97586059570312,40.78716278076172,-73.99785614013672,40.75639724731445,398.1,11,11,-1.0,-1.0,-1,-1,0.0
56,-73.99382019042969,40.72073364257813,-73.98072814941406,40.72978591918945,284.1,11,11,-1.0,-1.0,-1,-1,0.0
57,-73.98856353759766,40.72148132324219,-73.98512268066406,40.742183685302734,464,11,11,-1.0,-1.0,-1,-1,0.0
58,-73.98070526123048,40.72996139526367,-73.9884033203125,40.748401641845696,402.9,11,11,-1.0,-1.0,-1,-1,0.0
59,-73.98355865478516,40.74142456054688,-73.99772644042969,40.722259521484375,384.7,11,11,-1.0,-1.0,-1,-1,0.0
60,-73.9854507446289,40.72357177734375,-73.97629547119139,40.7859764099121,802.1,12,12,-1.0,-1.0,-1,-1,0.0
61,-73.98011016845702,40.74308776855469,-73.98489379882812,40.74771118164063,125.4,12,12,-1.0,-1.0,-1,-1,0.0
62,-73.98759460449219,40.73835754394531,-73.96353149414062,40.773658752441406,475.8,12,12,-1.0,-1.0,-1,-1,0.0
63,-73.98746490478516,40.733001708984375,-73.99329376220702,40.721900939941406,226.7,13,13,-1.0,-1.0,-1,-1,0.0
64,-73.9904556274414,40.73047256469727,-73.96155548095702,40.7690315246582,556.6,13,13,-1.0,-1.0,-1,-1,0.0
65,-73.98037719726562,40.76541137695313,-73.96867370605469,40.76082992553711,123.2,13,13,-1.0,-1.0,-1,-1,0.0
66,-74.01616668701173,40.71482467651367,-73.99198913574219,40.75115203857422,602.2,13,13,-1.0,-1.0,-1,-1,0.0
67,-73.99108123779298,40.75046157836913,-73.99935913085938,40.7286491394043,388.4,13,13,-1.0,-1.0,-1,-1,0.0
68,-73.9561996459961,40.771968841552734,-73.99224090576173,40.72546768188477,631.5,13,13,-1.0,-1.0,-1,-1,0.0
69,-73.98011016845702,40.76067352294922,-73.99149322509766,40.749847412109375,236,13,13,-1.0,-1.0,-1,-1,0.0
70,-73.9422149658203,40.828628540039055,-73.99678802490234,40.763519287109375,566.5,14,14,-1.0,-1.0,-1,-1,0.0
71,-73.96395111083984,40.76142501831055,-73.99005126953125,40.7498893737793,402.9,14,14,-1.0,-1.0,-1,-1,0.0
72,-73.97881317138672,40.77740097045898,-73.982177734375,40.7624397277832,231.3,15,15,-1.0,-1.0,-1,-1,0.0
73,-73.98540496826173,40.7274169921875,-74.00521850585938,40.71866226196289,400.9,15,15,-1.0,-1.0,-1,-1,0.0
74,-73.99388122558594,40.7204475402832,-73.9532699584961,40.77569961547852,784.5,15,15,-1.0,-1.0,-1,-1,0.0
75,-74.00377655029298,40.75068283081055,-73.99520111083984,40.72499084472656,515.2,15,15,-1.0,-1.0,-1,-1,0.0
76,-73.99072265625,40.76102066040039,-73.9874038696289,40.72016143798828,614.3,15,15,-1.0,-1.0,-1,-1,0.0
77,-73.98944854736328,40.719104766845696,-73.9710693359375,40.75120544433594,488.4,15,15,-1.0,-1.0,-1,-1,0.0
78,-73.98473358154298,40.76420974731445,-73.94937133789062,40.78507995605469,401.5,15,15,-1.0,-1.0,-1,-1,0.0
79,-73.99866485595702,40.745384216308594,-73.98399353027342,40.731971740722656,316.4,15,15,-1.0,-1.0,-1,-1,0.0
80,-74.01148223876955,40.703575134277344,-73.94952392578125,40.78110122680664,796.9,16,16,-1.0,-1.0,-1,-1,0.0
81,-73.95661163330078,40.77099990844727,-73.96441650390625,40.75465774536133,267.6,16,16,-1.0,-1.0,-1,-1,0.0
82,-73.98124694824219,40.76935958862305,-73.982421875,40.76216125488281,170.5,16,16,-1.0,-1.0,-1,-1,0.0
83,-73.99308776855469,40.734130859375,-73.97322845458984,40.75163650512695,386.8,17,17,-1.0,-1.0,-1,-1,0.0
84,-73.97872924804686,40.78519058227539,-73.96186828613281,40.79882049560547,208.3,18,18,-1.0,-1.0,-1,-1,0.0
85,-73.98296356201173,40.751140594482415,-73.9566879272461,40.77487564086913,363.8,18,18,-1.0,-1.0,-1,-1,0.0
86,-74.00244140625,40.724117279052734,-73.98995971679686,40.734859466552734,267,19,19,-1.0,-1.0,-1,-1,0.0
87,-73.97888946533203,40.755950927734375,-73.98023986816406,40.735130310058594,345.8,19,19,-1.0,-1.0,-1,-1,0.0
88,-73.99787139892578,40.722434997558594,-73.98347473144531,40.75590896606445,576.1,19,19,-1.0,-1.0,-1,-1,0.0
89,-73.99385833740234,40.73529815673828,-74.00613403320312,40.707618713378906,525.7,19,19,-1.0,-1.0,-1,-1,0.0
90,-73.95616149902342,40.76610565185547,-73.98108673095702,40.764408111572266,272.2,19,19,-1.0,-1.0,-1,-1,0.0
91,-73.98880004882812,40.7220115661621,-73.97725677490234,40.76365280151367,617.2,20,20,-1.0,-1.0,-1,-1,0.0
92,-74.00670623779298,40.7083740234375,-73.98786926269531,40.719322204589844,325.3,20,20,-1.0,-1.0,-1,-1,0.0
93,-74.0047836303711,40.74056243896485,-73.99591064453125,40.75904846191406,340.2,21,21,-1.0,-1.0,-1,-1,0.0
94,-73.97150421142578,40.75485610961913,-73.95785522460938,40.770240783691406,193.4,21,21,-1.0,-1.0,-1,-1,0.0
95,-73.97612762451173,40.744911193847656,-73.9908905029297,40.75096893310547,176.3,21,21,-1.0,-1.0,-1,-1,0.0
96,-73.9806137084961,40.72491836547852,-73.9773178100586,40.73384094238281,236.6,21,21,-1.0,-1.0,-1,-1,0.0
97,-73.98109436035155,40.747535705566406,-73.99876403808595,40.72955703735352,400.6,21,21,-1.0,-1.0,-1,-1,0.0
98,-73.98767852783203,40.75605010986328,-73.97332763671875,40.75851821899415,181.5,21,21,-1.0,-1.0,-1,-1,0.0
99,-73.98336029052734,40.72605895996094,-73.99649810791014,40.74784851074219,479.6,21,21,-1.0,-1.0,-1,-1,0.0
100,-73.98453521728516,40.7445068359375,-73.96526336669923,40.75545120239258,273.7,22,22,-1.0,-1.0,-1,-1,0.0
101,-73.95038604736328,40.77544784545898,-73.96784210205078,40.757179260253906,260.3,22,22,-1.0,-1.0,-1,-1,0.0
102,-73.95254516601562,40.78070068359375,-73.9619598388672,40.76039505004883,314.5,23,23,-1.0,-1.0,-1,-1,0.0
103,-73.97705078125,40.762859344482415,-73.97566986083984,40.78908920288085,308.9,23,23,-1.0,-1.0,-1,-1,0.0
104,-74.0015869140625,40.73095703125,-73.97920227050781,40.7525520324707,433.8,23,23,-1.0,-1.0,-1,-1,0.0
105,-73.97512817382812,40.7412109375,-73.98783111572266,40.723899841308594,354,23,23,-1.0,-1.0,-1,-1,0.0
106,-73.99937438964845,40.72857284545898,-73.99187469482422,40.75469207763672,612.7,24,24,-1.0,-1.0,-1,-1,0.0
107,-73.95828247070312,40.77975463867188,-73.97107696533203,40.78605651855469,143,24,24,-1.0,-1.0,-1,-1,0.0
108,-73.9825210571289,40.76435470581055,-73.96321868896483,40.793548583984375,374.6,24,24,-1.0,-1.0,-1,-1,0.0
109,-73.94181060791014,40.79863357543945,-73.98439025878906,40.721771240234375,642.7,24,24,-1.0,-1.0,-1,-1,0.0
110,-73.97442626953125,40.75687789916992,-73.97906494140625,40.7239646911621,458.1,24,24,-1.0,-1.0,-1,-1,0.0
111,-73.98961639404298,40.715816497802734,-74.00604248046875,40.735198974609375,447.4,24,24,-1.0,-1.0,-1,-1,0.0
112,-73.99785614013672,40.72931289672852,-73.98092651367188,40.74448776245117,399.6,25,25,-1.0,-1.0,-1,-1,0.0
113,-73.99068450927734,40.75594711303711,-73.99451446533203,40.744453430175774,227.5,25,25,-1.0,-1.0,-1,-1,0.0
114,-73.98782348632812,40.73239135742188,-73.98522186279298,40.75336837768555,368.3,25,25,-1.0,-1.0,-1,-1,0.0
115,-73.98703002929686,40.7337303161621,-73.98421478271484,40.72517013549805,196.3,25,25,-1.0,-1.0,-1,-1,0.0
116,-73.94493103027344,40.802730560302734,-73.95101928710938,40.77072143554688,435.9,26,26,-1.0,-1.0,-1,-1,0.0
117,-73.97540283203125,40.7895393371582,-73.95274353027344,40.82313919067383,362.3,26,26,-1.0,-1.0,-1,-1,0.0
118,-73.9944610595703,40.746406555175774,-74.00454711914062,40.74165344238281,189,26,26,-1.0,-1.0,-1,-1,0.0
119,-73.99429321289062,40.74555206298828,-74.0066680908203,40.74426651000977,196.3,26,26,-1.0,-1.0,-1,-1,0.0
120,-73.98139190673827,40.780181884765625,-73.97754669189453,40.79216384887695,177.4,26,26,-1.0,-1.0,-1,-1,0.0
121,-73.98294067382812,40.74190139770508,-73.98703765869139,40.73354721069336,160.1,27,27,-1.0,-1.0,-1,-1,0.0
122,-74.000732421875,40.7462043762207,-73.98839569091797,40.75923156738281,322.9,27,27,-1.0,-1.0,-1,-1,0.0
123,-74.005859375,40.74541091918945,-73.99568176269531,40.75949478149415,241.8,27,27,-1.0,-1.0,-1,-1,0.0
124,-73.98699951171875,40.75067138671875,-73.9576416015625,40.77040100097656,361.4,27,27,-1.0,-1.0,-1,-1,0.0
125,-73.99224090576173,40.71990966796875,-73.98410797119139,40.74380111694336,452,27,27,-1.0,-1.0,-1,-1,0.0
126,-73.96316528320312,40.75818252563477,-73.99311065673827,40.7198371887207,599.9,28,28,-1.0,-1.0,-1,-1,0.0
127,-73.9959259033203,40.74391174316406,-73.99994659423827,40.72845458984375,267.2,28,28,-1.0,-1.0,-1,-1,0.0
128,-73.94717407226562,40.78002166748047,-73.99137878417969,40.74995040893555,430.1,28,28,-1.0,-1.0,-1,-1,0.0
129,-73.94879913330078,40.78599166870117,-73.98872375488281,40.76374816894531,497.2,28,28,-1.0,-1.0,-1,-1,0.0
130,-73.9838638305664,40.76551818847656,-73.97314453125,40.7910385131836,281.6,29,29,-1.0,-1.0,-1,-1,0.0
131,-73.98666381835938,40.73400115966797,-73.97128295898438,40.75566864013672,311.1,29,29,-1.0,-1.0,-1,-1,0.0
132,-73.9757308959961,40.786712646484375,-73.95233917236328,40.773197174072266,328.3,29,29,-1.0,-1.0,-1,-1,0.0
133,-73.9542007446289,40.778633117675774,-73.94847106933594,40.797340393066406,247.1,29,29,-1.0,-1.0,-1,-1,0.0
134,-74.00243377685547,40.72904968261719,-73.99275970458984,40.75456619262695,435.2,30,30,-1.0,-1.0,-1,-1,0.0
135,-73.99131774902342,40.749305725097656,-73.97023773193358,40.76552963256836,380.4,30,30,-1.0,-1.0,-1,-1,0.0
136,-74.00527954101562,40.74034881591797,-73.97398376464845,40.747257232666016,481.8,30,30,-1.0,-1.0,-1,-1,0.0
137,-74.0097427368164,40.74803161621094,-74.01670837402342,40.70495223999024,453.8,30,30,-1.0,-1.0,-1,-1,0.0
138,-73.9966812133789,40.7371482849121,-73.9877395629883,40.72549057006836,260,30,30,-1.0,-1.0,-1,-1,0.0
139,-73.94966888427734,40.78541564941406,-73.95274353027344,40.776233673095696,148.2,30,30,-1.0,-1.0,-1,-1,0.0
140,-73.9771499633789,40.76617813110352,-73.98986053466798,40.75781631469727,202.8,30,30,-1.0,-1.0,-1,-1,0.0
141,-73.9524917602539,40.81066513061523,-73.94510650634766,40.82101821899415,157.1,31,31,-1.0,-1.0,-1,-1,0.0
142,-73.98065185546875,40.74779891967773,-73.98674011230467,40.73799514770508,212.4,31,31,-1.0,-1.0,-1,-1,0.0
143,-74.0054931640625,40.736831665039055,-73.93794250488281,40.79690933227539,927.7,31,31,-1.0,-1.0,-1,-1,0.0
144,-73.9913101196289,40.74940872192383,-73.98836517333984,40.734580993652344,287.1,32,32,-1.0,-1.0,-1,-1,0.0
145,-74.00635528564453,40.73345947265625,-74.00446319580078,40.742225646972656,184.7,32,32,-1.0,-1.0,-1,-1,0.0
146,-73.98739624023438,40.72020721435547,-73.98734283447266,40.76528549194336,640.9,32,32,-1.0,-1.0,-1,-1,0.0
147,-74.00167846679686,40.70788955688477,-73.98902893066406,40.73687744140625,575.9,32,32,-1.0,-1.0,-1,-1,0.0
148,-73.98979949951173,40.73868942260742,-73.98294830322266,40.76618576049805,462.9,32,32,-1.0,-1.0,-1,-1,0.0
149,-73.98848724365234,40.731143951416016,-73.97380065917969,40.73766326904297,272,32,32,-1.0,-1.0,-1,-1,0.0
150,-73.95271301269531,40.77634048461913,-73.9879608154297,40.77468872070313,371.6,33,33,-1.0,-1.0,-1,-1,0.0
151,-73.99195861816406,40.73928833007813,-73.97984313964845,40.74319458007813,273,33,33,-1.0,-1.0,-1,-1,0.0
152,-73.9590835571289,40.7676887512207,-73.95330810546875,40.771480560302734,134.9,33,33,-1.0,-1.0,-1,-1,0.0
153,-73.99532318115234,40.75983810424805,-73.95557403564453,40.76578140258789,444.1,33,33,-1.0,-1.0,-1,-1,0.0
154,-73.9737777709961,40.757728576660156,-73.9867935180664,40.775840759277344,282.6,34,34,-1.0,-1.0,-1,-1,0.0
155,-73.95154571533203,40.77378463745117,-73.96895599365234,40.785926818847656,268.5,35,35,-1.0,-1.0,-1,-1,0.0
156,-73.9921875,40.73080825805664,-74.00094604492188,40.72927856445313,148.7,35,35,-1.0,-1.0,-1,-1,0.0
157,-73.97467803955078,40.75244140625,-73.9830322265625,40.745059967041016,201.8,35,35,-1.0,-1.0,-1,-1,0.0
158,-74.01532745361328,40.70488739013672,-74.00371551513672,40.732418060302734,408.5,35,35,-1.0,-1.0,-1,-1,0.0
159,-73.9891357421875,40.74294662475585,-73.98649597167969,40.760643005371094,333.8,35,35,-1.0,-1.0,-1,-1,0.0
160,-73.98027038574219,40.78337860107422,-73.94422149658203,40.834739685058594,385.8,35,35,-1.0,-1.0,-1,-1,0.0
161,-74.0052490234375,40.72001647949219,-74.0011215209961,40.73139953613281,180.6,36,36,-1.0,-1.0,-1,-1,0.0
162,-74.00682830810547,40.730186462402344,-73.97930145263672,40.77686309814453,660.9,36,36,-1.0,-1.0,-1,-1,0.0
163,-73.98041534423827,40.738616943359375,-73.98196411132812,40.723976135253906,293.8,36,36,-1.0,-1.0,-1,-1,0.0
164,-74.00030517578125,40.726524353027344,-73.96208190917969,40.76530838012695,678.4,36,36,-1.0,-1.0,-1,-1,0.0
165,-74.00209045410156,40.72642517089844,-73.95426177978516,40.78452682495117,825.4,36,36,-1.0,-1.0,-1,-1,0.0
166,-73.99545288085938,40.75300598144531,-73.95097351074219,40.78257369995117,566.9,36,36,-1.0,-1.0,-1,-1,0.0
167,-74.00006866455078,40.71907043457031,-73.99234008789062,40.71870040893555,156.2,36,36,-1.0,-1.0,-1,-1,0.0
168,-73.98043823242188,40.73857879638672,-73.98741149902342,40.72025680541992,345.9,37,37,-1.0,-1.0,-1,-1,0.0
169,-74.01315307617188,40.70248794555664,-73.98088073730467,40.73807907104492,646,37,37,-1.0,-1.0,-1,-1,0.0
170,-73.98685455322266,40.76094055175781,-73.9427032470703,40.84392166137695,751.9,37,37,-1.0,-1.0,-1,-1,0.0
171,-73.9966812133789,40.76339721679688,-73.99732971191406,40.757057189941406,125.4,38,38,-1.0,-1.0,-1,-1,0.0
172,-73.98120880126955,40.737281799316406,-73.9400405883789,40.82552337646485,699.5,38,38,-1.0,-1.0,-1,-1,0.0
173,-73.97927856445312,40.76581573486328,-73.95095825195312,40.77070999145508,354.2,38,38,-1.0,-1.0,-1,-1,0.0
174,-73.98540496826173,40.738189697265625,-73.97850799560547,40.76267623901367,371.2,38,38,-1.0,-1.0,-1,-1,0.0
175,-73.98486328125,40.76813888549805,-73.97789001464844,40.76187133789063,124.7,39,39,-1.0,-1.0,-1,-1,0.0
176,-73.99716186523438,40.72066879272461,-74.00946807861328,40.726089477539055,238,39,39,-1.0,-1.0,-1,-1,0.0
177,-73.98690032958984,40.744224548339844,-73.99302673339844,40.74128341674805,178.3,39,39,-1.0,-1.0,-1,-1,0.0
178,-73.99432373046875,40.7456283569336,-74.00251770019531,40.7340087890625,201.9,39,39,-1.0,-1.0,-1,-1,0.0
179,-73.98473358154298,40.74262619018555,-74.01084899902342,40.71312713623047,569.1,39,39,-1.0,-1.0,-1,-1,0.0
180,-73.99342346191406,40.75725173950195,-73.97998809814453,40.78110885620117,354.5,40,40,-1.0,-1.0,-1,-1,0.0
181,-73.94940948486328,40.77785110473633,-73.96842956542969,40.797447204589844,373.9,40,40,-1.0,-1.0,-1,-1,0.0
182,-73.98371124267578,40.72991943359375,-74.01166534423827,40.70747375488281,582.3,40,40,-1.0,-1.0,-1,-1,0.0
183,-73.98533630371094,40.747013092041016,-73.98258972167969,40.73968505859375,178.7,40,40,-1.0,-1.0,-1,-1,0.0
184,-73.97957611083984,40.75062942504883,-73.99201202392578,40.741172790527344,253.7,40,40,-1.0,-1.0,-1,-1,0.0
185,-74.00209045410156,40.74031066894531,-73.98847198486328,40.769309997558594,448.5,40,40,-1.0,-1.0,-1,-1,0.0
186,-73.97463226318358,40.76055908203125,-73.97958374023438,40.74293899536133,261.1,40,40,-1.0,-1.0,-1,-1,0.0
187,-73.9764633178711,40.75968551635742,-73.99388122558594,40.72700119018555,544.9,41,41,-1.0,-1.0,-1,-1,0.0
188,-73.97045135498048,40.76240921020508,-73.98017120361328,40.7269401550293,489.7,41,41,-1.0,-1.0,-1,-1,0.0
189,-73.98590087890625,40.71942901611328,-73.97828674316406,40.75127029418945,544.8,41,41,-1.0,-1.0,-1,-1,0.0
190,-73.98331451416014,40.744300842285156,-74.01174926757811,40.70769119262695,651,41,41,-1.0,-1.0,-1,-1,0.0
191,-73.99385833740234,40.75212097167969,-74.0093765258789,40.729759216308594,447.9,41,41,-1.0,-1.0,-1,-1,0.0
192,-73.9662551879883,40.75740432739258,-73.94699096679686,40.77639389038085,292.9,41,41,-1.0,-1.0,-1,-1,0.0
193,-73.95003509521484,40.801551818847656,-73.93594360351562,40.81515121459961,215.6,41,41,-1.0,-1.0,-1,-1,0.0
194,-73.98929595947266,40.71900939941406,-73.9973373413086,40.7564582824707,642,41,41,-1.0,-1.0,-1,-1,0.0
195,-73.9873504638672,40.72008895874024,-73.97041320800781,40.78485107421875,811.1,42,42,-1.0,-1.0,-1,-1,0.0
196,-73.97166442871094,40.75048828125,-73.98936462402342,40.72850799560547,387.2,42,42,-1.0,-1.0,-1,-1,0.0
197,-73.99052429199219,40.76648330688477,-73.98345947265625,40.78364181518555,212.3,42,42,-1.0,-1.0,-1,-1,0.0
198,-73.99150848388672,40.76005172729492,-74.00240325927734,40.73440933227539,409.8,42,42,-1.0,-1.0,-1,-1,0.0
199,-73.98583984375,40.7588005065918,-73.99288940429686,40.741249084472656,382.6,42,42,-1.0,-1.0,-1,-1,0.0
200,-73.98416137695312,40.7646598815918,-74.00717163085938,40.74348831176758,440.6,42,42,-1.0,-1.0,-1,-1,0.0
201,-73.95305633544923,40.77667236328125,-73.94710540771484,40.77192687988281,142,42,42,-1.0,-1.0,-1,-1,0.0
202,-73.98186492919923,40.769344329833984,-74.00454711914062,40.7213134765625,751.4,42,42,-1.0,-1.0,-1,-1,0.0
203,-73.99748992919923,40.7375602722168,-73.986572265625,40.73128128051758,162,42,42,-1.0,-1.0,-1,-1,0.0
204,-73.98246002197266,40.77238082885742,-73.99284362792969,40.73016357421875,627.7,43,43,-1.0,-1.0,-1,-1,0.0
205,-73.9869842529297,40.72122192382813,-73.9601821899414,40.769508361816406,557.7,43,43,-1.0,-1.0,-1,-1,0.0
206,-74.00232696533203,40.730079650878906,-73.95310974121094,40.81507110595703,961.4,43,43,-1.0,-1.0,-1,-1,0.0
207,-73.9822998046875,40.763038635253906,-73.96389007568358,40.80778884887695,433.9,44,44,-1.0,-1.0,-1,-1,0.0
208,-73.98094940185547,40.722480773925774,-73.98845672607422,40.75965881347656,526.7,44,44,-1.0,-1.0,-1,-1,0.0
209,-73.99968719482422,40.74879837036133,-73.98744201660156,40.76034164428711,357.4,44,44,-1.0,-1.0,-1,-1,0.0
210,-73.98430633544923,40.748138427734375,-73.9520263671875,40.78152084350585,440,45,45,-1.0,-1.0,-1,-1,0.0
211,-73.98313903808595,40.72270965576172,-73.99224090576173,40.725040435791016,141.2,45,45,-1.0,-1.0,-1,-1,0.0
212,-74.00406646728516,40.73345184326172,-73.95880126953125,40.78342056274415,867.9,45,45,-1.0,-1.0,-1,-1,0.0
213,-74.00521850585938,40.74031066894531,-73.98779296875,40.744792938232415,322,45,45,-1.0,-1.0,-1,-1,0.0
214,-73.97787475585938,40.74230575561523,-73.987548828125,40.72186279296875,371.2,45,45,-1.0,-1.0,-1,-1,0.0
215,-74.00530242919923,40.72150039672852,-73.98050689697266,40.74234390258789,502,45,45,-1.0,-1.0,-1,-1,0.0
216,-73.95561218261719,40.768455505371094,-73.97542572021484,40.752647399902344,291.3,45,45,-1.0,-1.0,-1,-1,0.0
217,-73.98442840576173,40.743202209472656,-73.95558166503906,40.7685775756836,466.6,46,46,-1.0,-1.0,-1,-1,0.0
218,-73.98224639892578,40.77189636230469,-73.98760986328125,40.76140213012695,170.2,46,46,-1.0,-1.0,-1,-1,0.0
219,-74.00539398193358,40.74033737182617,-73.98745727539062,40.7443733215332,335,46,46,-1.0,-1.0,-1,-1,0.0
220,-73.97760009765625,40.74961853027344,-73.99031066894531,40.75646209716797,177.3,46,46,-1.0,-1.0,-1,-1,0.0
221,-73.99725341796875,40.71461868286133,-74.00242614746094,40.74502944946289,588.5,46,46,-1.0,-1.0,-1,-1,0.0
222,-74.0040283203125,40.73833084106445,-73.96682739257811,40.76068115234375,534.4,46,46,-1.0,-1.0,-1,-1,0.0
223,-74.0002212524414,40.73794174194336,-73.98072052001955,40.72715377807617,333.5,46,46,-1.0,-1.0,-1,-1,0.0
224,-73.99427032470702,40.75642776489258,-73.99235534667969,40.72491455078125,564.4,46,46,-1.0,-1.0,-1,-1,0.0
225,-73.93925476074219,40.80200958251953,-73.99095153808595,40.73421478271485,690.2,47,47,-1.0,-1.0,-1,-1,0.0
226,-73.98875427246094,40.73109817504883,-74.00008392333984,40.73974990844727,214.2,47,47,-1.0,-1.0,-1,-1,0.0
227,-73.99456024169923,40.76604080200195,-73.98014831542969,40.74974822998047,265.1,47,47,-1.0,-1.0,-1,-1,0.0
228,-73.98753356933594,40.74831008911133,-74.00228118896483,40.73812103271485,357.2,47,47,-1.0,-1.0,-1,-1,0.0
229,-73.9737777709961,40.75334167480469,-73.98272705078125,40.744529724121094,180.9,47,47,-1.0,-1.0,-1,-1,0.0
230,-73.9988784790039,40.719398498535156,-73.98533630371094,40.74742126464844,517.3,47,47,-1.0,-1.0,-1,-1,0.0
231,-73.98074340820312,40.729835510253906,-73.98529815673827,40.74827575683594,383.5,47,47,-1.0,-1.0,-1,-1,0.0
232,-74.01156616210938,40.70290756225585,-74.00281524658203,40.76057052612305,724.3,48,48,-1.0,-1.0,-1,-1,0.0
233,-73.99129486083984,40.75530624389648,-73.97394561767578,40.752708435058594,278.7,48,48,-1.0,-1.0,-1,-1,0.0
234,-73.98255920410156,40.73157119750977,-73.9791259765625,40.74441146850585,233.8,48,48,-1.0,-1.0,-1,-1,0.0
235,-73.9873046875,40.7252311706543,-74.01576232910156,40.71571731567383,509.4,48,48,-1.0,-1.0,-1,-1,0.0
236,-73.94738006591797,40.78368377685547,-73.96635437011719,40.76475524902344,299.6,48,48,-1.0,-1.0,-1,-1,0.0
237,-73.97982788085938,40.76431655883789,-74.0010757446289,40.726661682128906,687.2,49,49,-1.0,-1.0,-1,-1,0.0
238,-73.96408081054686,40.77441787719727,-73.9744873046875,40.75212478637695,302.8,49,49,-1.0,-1.0,-1,-1,0.0
239,-74.0038833618164,40.7319221496582,-73.98908233642578,40.75858688354492,560.6,49,49,-1.0,-1.0,-1,-1,0.0
240,-73.98705291748048,40.72222518920898,-73.98872375488281,40.74524307250977,554.2,49,49,-1.0,-1.0,-1,-1,0.0
241,-73.9964828491211,40.73785400390625,-73.97964477539062,40.74957656860352,316.5,49,49,-1.0,-1.0,-1,-1,0.0
242,-73.9827423095703,40.7395133972168,-73.99493408203125,40.72142028808594,350,49,49,-1.0,-1.0,-1,-1,0.0
243,-73.955810546875,40.77590942382813,-73.94400024414062,40.789546966552734,171.6,50,50,-1.0,-1.0,-1,-1,0.0
244,-73.980712890625,40.77075958251953,-73.99455261230467,40.76589965820313,193.9,50,50,-1.0,-1.0,-1,-1,0.0
245,-73.97840881347656,40.74591064453125,-73.98764038085938,40.749847412109375,191.6,50,50,-1.0,-1.0,-1,-1,0.0
246,-73.96373748779298,40.75689697265625,-73.98236846923827,40.74285507202149,315.8,50,50,-1.0,-1.0,-1,-1,0.0
247,-73.98702239990234,40.73942947387695,-74.00656127929686,40.73845672607422,313,50,50,-1.0,-1.0,-1,-1,0.0
248,-73.98838806152342,40.757808685302734,-74.00469207763672,40.72386932373047,659.3,50,50,-1.0,-1.0,-1,-1,0.0
249,-73.97216033935547,40.79399108886719,-73.94367218017578,40.83195495605469,349,51,51,-1.0,-1.0,-1,-1,0.0
250,-73.98133850097656,40.769630432128906,-73.97047424316406,40.78363800048828,173.2,51,51,-1.0,-1.0,-1,-1,0.0
251,-73.98652648925781,40.73720169067383,-74.00596618652342,40.73994445800781,304.4,51,51,-1.0,-1.0,-1,-1,0.0
252,-74.00157165527344,40.73096084594727,-73.99520874023438,40.71860885620117,282.3,51,51,-1.0,-1.0,-1,-1,0.0
253,-73.99198150634766,40.74430847167969,-73.9514389038086,40.78266143798828,711,52,52,-1.0,-1.0,-1,-1,0.0
254,-73.99201202392578,40.71989822387695,-73.98499298095702,40.72367858886719,198.4,52,52,-1.0,-1.0,-1,-1,0.0
255,-73.99552154541014,40.7441291809082,-74.00054931640625,40.7287712097168,319.7,52,52,-1.0,-1.0,-1,-1,0.0
256,-73.99078369140625,40.7610740661621,-74.01713562011719,40.71113586425781,705.8,52,52,-1.0,-1.0,-1,-1,0.0
257,-73.9935531616211,40.75194549560547,-73.98624420166014,40.767433166503906,280.9,52,52,-1.0,-1.0,-1,-1,0.0
258,-73.97550964355469,40.75075912475585,-73.93470001220702,40.79663848876953,546,52,52,-1.0,-1.0,-1,-1,0.0
259,-73.98992156982422,40.762290954589844,-74.00151062011719,40.74617004394531,220.6,52,52,-1.0,-1.0,-1,-1,0.0
260,-73.9759521484375,40.74480819702149,-74.00685119628906,40.743328094482415,475.7,53,53,-1.0,-1.0,-1,-1,0.0
261,-73.95427703857422,40.77022171020508,-73.94310760498048,40.84006881713867,690.5,53,53,-1.0,-1.0,-1,-1,0.0
262,-73.99050903320312,40.76121520996094,-73.98538208007811,40.72343826293945,601.4,53,53,-1.0,-1.0,-1,-1,0.0
263,-74.00232696533203,40.729251861572266,-73.97695922851562,40.74525833129883,489.4,53,53,-1.0,-1.0,-1,-1,0.0
264,-74.00051879882812,40.737281799316406,-73.98590850830078,40.74225997924805,268,54,54,-1.0,-1.0,-1,-1,0.0
265,-73.94937133789062,40.78135681152344,-73.98748016357422,40.74976348876953,464.5,54,54,-1.0,-1.0,-1,-1,0.0
266,-73.98206329345702,40.77859878540039,-73.98041534423827,40.72704315185547,665.8,54,54,-1.0,-1.0,-1,-1,0.0
267,-73.98054504394531,40.73445129394531,-73.97648620605469,40.74091720581055,198.4,54,54,-1.0,-1.0,-1,-1,0.0
268,-73.96306610107422,40.7939682006836,-73.9358139038086,40.795494079589844,358,54,54,-1.0,-1.0,-1,-1,0.0
269,-73.97332000732422,40.74817657470703,-73.9822998046875,40.77801513671875,417.4,54,54,-1.0,-1.0,-1,-1,0.0
270,-73.9822769165039,40.76790618896485,-73.9729232788086,40.785606384277344,247.6,54,54,-1.0,-1.0,-1,-1,0.0
271,-73.98262786865234,40.72412872314453,-74.009033203125,40.70415115356445,493,55,55,-1.0,-1.0,-1,-1,0.0
272,-73.94705963134766,40.784446716308594,-73.95619201660156,40.7718620300293,219.1,55,55,-1.0,-1.0,-1,-1,0.0
273,-73.9898910522461,40.73479843139648,-73.97566986083984,40.73319625854492,202.1,55,55,-1.0,-1.0,-1,-1,0.0
274,-74.00067138671875,40.73723983764648,-73.99185180664062,40.7271614074707,214,55,55,-1.0,-1.0,-1,-1,0.0
275,-73.98944091796875,40.71907424926758,-74.01155853271484,40.70382308959961,388.8,55,55,-1.0,-1.0,-1,-1,0.0
276,-73.9682083129883,40.75525665283203,-73.99116516113281,40.7501106262207,275.9,55,55,-1.0,-1.0,-1,-1,0.0
277,-74.00920104980467,40.72452926635742,-73.9677505493164,40.80202865600585,805.2,55,55,-1.0,-1.0,-1,-1,0.0
278,-74.00106811523438,40.736640930175774,-73.9761734008789,40.786041259765625,626.2,56,56,-1.0,-1.0,-1,-1,0.0
279,-74.00408172607422,40.747871398925774,-73.99002075195312,40.760658264160156,274.4,56,56,-1.0,-1.0,-1,-1,0.0
280,-74.00125885009766,40.751461029052734,-73.97257232666014,40.79563903808594,462.4,56,56,-1.0,-1.0,-1,-1,0.0
281,-73.98692321777342,40.75056076049805,-73.98626708984375,40.757179260253906,131.9,56,56,-1.0,-1.0,-1,-1,0.0
282,-73.98928833007811,40.75311279296875,-73.97956085205078,40.75310516357422,134.3,57,57,-1.0,-1.0,-1,-1,0.0
283,-73.9955520629883,40.76470184326172,-73.98634338378906,40.76714324951172,129.6,57,57,-1.0,-1.0,-1,-1,0.0
284,-73.9771499633789,40.76260757446289,-73.94780731201173,40.77519989013672,352,58,58,-1.0,-1.0,-1,-1,0.0
285,-73.98796844482422,40.71860122680664,-73.99837493896483,40.708927154541016,255.6,58,58,-1.0,-1.0,-1,-1,0.0
286,-73.99701690673827,40.73151016235352,-73.98616790771484,40.76755905151367,604.7,58,58,-1.0,-1.0,-1,-1,0.0
287,-73.96804809570312,40.75939178466797,-73.95203399658203,40.77460861206055,229.6,58,58,-1.0,-1.0,-1,-1,0.0
288,-73.9922332763672,40.73139190673828,-74.00392150878906,40.74434280395508,281.4,58,58,-1.0,-1.0,-1,-1,0.0
289,-73.99394989013672,40.74660110473633,-74.00440979003906,40.73044967651367,379.4,58,58,-1.0,-1.0,-1,-1,0.0
290,-73.98897552490234,40.71870040893555,-73.9955825805664,40.728340148925774,372.7,58,58,-1.0,-1.0,-1,-1,0.0
291,-73.99840545654298,40.719913482666016,-73.99273681640625,40.73003387451172,181.2,58,58,-1.0,-1.0,-1,-1,0.0
292,-73.97734832763672,40.76484298706055,-73.989013671875,40.7365837097168,483.9,58,58,-1.0,-1.0,-1,-1,0.0
293,-73.98759460449219,40.71986389160156,-73.9977035522461,40.7441291809082,519.9,59,59,-1.0,-1.0,-1,-1,0.0
294,-73.9933090209961,40.751731872558594,-73.97314453125,40.752605438232415,206.3,59,59,-1.0,-1.0,-1,-1,0.0
295,-73.9807357788086,40.73371887207031,-73.99373626708984,40.72061538696289,325.5,59,59,-1.0,-1.0,-1,-1,0.0
296,-73.98703002929686,40.75550842285156,-73.94776153564453,40.78048324584961,510.8,59,59,-1.0,-1.0,-1,-1,0.0
297,-73.98529052734375,40.773750305175774,-73.97447204589844,40.79022979736328,181.2,59,59,-1.0,-1.0,-1,-1,0.0
298,-74.00298309326173,40.733131408691406,-73.97222137451173,40.753028869628906,539.2,59,59,-1.0,-1.0,-1,-1,0.0
299,-73.96812438964845,40.8001708984375,-73.98039245605469,40.78316116333008,238.6,59,59,-1.0,-1.0,-1,-1,0.0
300,-73.98875427246094,40.77399826049805,-73.96797943115234,40.75555419921875,290,60,60,-1.0,-1.0,-1,-1,0.0
301,-73.98467254638672,40.736900329589844,-73.9779281616211,40.745941162109375,157.5,60,60,-1.0,-1.0,-1,-1,0.0
302,-73.98388671875,40.7294807434082,-73.99124908447266,40.7490463256836,408.4,60,60,-1.0,-1.0,-1,-1,0.0
303,-73.9878921508789,40.75002670288085,-73.99488830566406,40.76049041748047,214,60,60,-1.0,-1.0,-1,-1,0.0
